Aesthetic,Mean_R,Mean_G,Mean_B,Std_R,Std_G,Std_B,Mean_Luminance,Mean_Saturation,Contrast,Color1_R,Color1_G,Color1_B,Color1_Hue,Color2_R,Color2_G,Color2_B,Color2_Hue,Color3_R,Color3_G,Color3_B,Color3_Hue,Color4_R,Color4_G,Color4_B,Color4_Hue,Color5_R,Color5_G,Color5_B,Color5_Hue
Vintage,199.8,176.8,150.4,35.61684994493477,41.17474954386486,41.98856987324051,179.78371999999996,0.261002728522821,116.45799999999997,140,110,88,183,154,121,211,194,173,243,230,209,222,196,161,25.38461538461539,31.935483870967733,33.157894736842096,37.0588235294118,34.426229508196734
Vintage,189.0,161.2,130.0,42.656769685479,50.83069938531242,54.21070005082023,164.85764,0.34174194965798166,139.9686,122,90,62,197,165,125,217,194,166,245,234,212,164,123,85,28.0,33.333333333333336,32.941176470588225,39.999999999999964,28.860759493670887
Vintage,170.8,146.2,123.4,61.66165745420731,65.56340442655491,57.329224658981744,149.7838,0.313079579231132,171.42880000000002,78,54,41,125,90,79,184,158,132,222,201,165,245,228,200,21.081081081081074,14.347826086956525,30.0,37.894736842105246,37.33333333333335
Vintage,180.2,133.4,104.0,46.09728842350708,51.429952362412315,46.13458572481171,141.227,0.44591579464925585,141.00359999999998,106,69,52,182,128,95,212,165,126,241,213,181,160,92,66,18.88888888888888,22.75862068965517,27.209302325581397,32.00000000000001,16.59574468085106
Vintage,169.8,147.6,130.0,49.345313860588625,49.92233968876059,45.457672619701945,151.04899999999998,0.24680579939589437,147.63619999999997,86,68,61,155,128,113,200,178,157,233,217,197,175,147,122,16.79999999999999,21.42857142857144,29.302325581395337,33.33333333333332,28.30188679245281
Vintage,146.8,118.0,101.2,56.841534110190935,56.55793489865061,48.90971273683786,122.90991999999999,0.3365264426689136,162.1216,62,42,37,110,75,65,177,146,123,228,205,179,157,122,102,11.99999999999999,13.33333333333334,25.55555555555555,31.83673469387756,21.81818181818182
Vintage,191.6,163.2,140.0,42.46692830897945,45.72701608458615,44.93550934394758,167.56279999999998,0.28243050306872486,133.9422,120,94,79,175,140,118,210,189,161,247,230,213,206,163,129,21.951219512195127,23.15789473684212,34.285714285714306,30.0,26.49350649350648
Vintage,162.2,133.6,111.0,52.120629313161594,54.07624247301212,52.306787322488084,138.04864000000003,0.3424176560318645,153.7806,90,67,56,156,114,89,191,164,138,243,222,200,131,101,72,19.411764705882355,22.388059701492544,29.433962264150964,30.697674418604667,29.491525423728817
Vintage,140.0,112.2,100.4,50.730661340061395,53.80111523007679,47.20847381561916,117.25832,0.30980675263380314,152.6374,69,46,42,116,78,71,169,140,123,219,201,179,127,96,87,8.88888888888889,9.333333333333341,22.17391304347828,33.00000000000001,13.499999999999993
Vintage,182.8,151.0,121.8,47.148276744754945,52.956585992678946,53.33441665566429,155.65244,0.36054809909531615,148.4488,110,81,61,182,147,106,213,183,147,249,232,212,160,112,83,24.489795918367335,32.36842105263157,32.72727272727273,32.43243243243242,22.597402597402596
Vintage,174.2,144.8,126.0,40.05695944526993,46.06690786236906,41.48734746883681,149.69308,0.2948910622689227,134.94979999999998,112,76,64,158,125,109,195,165,145,233,216,190,173,142,122,15.0,19.59183673469387,24.00000000000002,36.27906976744186,23.529411764705877
Vintage,162.0,131.6,114.0,49.07137658554119,52.09452946327474,47.391982444291145,136.79232,0.3224899914245231,150.14799999999997,85,56,47,143,106,92,197,165,142,229,209,187,156,122,102,14.21052631578947,16.470588235294127,25.090909090909093,31.428571428571423,22.22222222222222
Vintage,147.8,120.2,98.8,51.413616873353696,48.30072463224543,40.385145784062736,124.52268000000001,0.34439696820025395,141.75020000000004,74,56,46,122,90,73,178,146,116,226,197,165,139,112,94,21.428571428571423,20.816326530612255,29.032258064516125,31.475409836065584,24.0
Vintage,167.8,132.8,109.0,45.89291884376064,50.07354590999124,45.92167244341173,138.52263999999997,0.37486986363862995,138.9314,102,69,56,161,123,98,199,164,138,235,211,182,142,97,71,16.95652173913043,23.809523809523814,25.57377049180329,32.830188679245275,21.97183098591548
Vintage,183.6,152.2,131.2,47.18304780321,51.63487193748039,49.62015719443057,157.35944,0.30953438041320813,147.8752,106,75,58,160,126,105,210,187,162,244,226,204,198,147,127,21.250000000000004,22.909090909090917,31.249999999999993,32.999999999999964,16.90140845070421
Vintage,153.0,117.6,102.4,51.384822661949514,50.76061465348898,43.28787359064892,124.02860000000001,0.3533795686555635,148.69639999999998,77,47,41,123,87,77,183,143,122,228,197,170,154,114,102,10.000000000000004,13.04347826086957,20.655737704918028,27.93103448275863,13.84615384615385
Vintage,175.2,146.4,120.8,46.657903939204125,49.40283392681032,48.172191148005716,150.67456,0.3330267599695279,134.72039999999998,115,89,68,167,133,108,207,178,146,246,225,201,141,107,81,26.808510638297864,25.423728813559332,31.47540983606557,31.999999999999993,26.000000000000004
Vintage,161.0,128.6,106.0,48.98571220264129,49.11863190277188,43.09524335701099,133.85652,0.36266982942921855,145.3474,86,59,46,141,108,90,193,154,125,231,206,176,154,116,93,19.500000000000004,21.176470588235286,25.58823529411764,32.727272727272734,22.622950819672138
Vintage,181.2,150.6,122.0,44.264658588991736,49.35017730464603,47.146579939588406,155.04064,0.349936786291093,143.45,111,79,58,163,127,99,208,178,140,243,226,200,181,143,113,23.77358490566038,26.250000000000007,33.52941176470587,36.27906976744186,26.47058823529412
Vintage,170.2,135.8,110.6,47.20762650250487,47.73007437664433,43.2416465921454,141.294,0.3694156247496521,138.06140000000005,103,75,57,160,123,96,199,160,131,242,214,183,147,107,86,23.478260869565215,25.3125,25.588235294117652,31.525423728813568,20.655737704918035
Vintage,152.0,119.4,99.8,47.970824466544244,48.58230130407575,40.33063351845592,124.91563999999998,0.3604026244279475,137.0546,85,58,50,140,103,84,186,149,124,223,197,165,126,90,76,13.714285714285719,20.357142857142858,24.193548387096786,33.10344827586207,16.800000000000008
Vintage,164.6,126.6,106.8,49.03305007849298,53.60820832671057,51.0270516491008,133.24924,0.38435466166436916,147.7268,98,61,49,155,111,88,200,160,138,237,212,190,133,89,69,14.693877551020405,20.59701492537314,21.29032258064517,28.08510638297873,18.749999999999993
Vintage,184.0,146.2,123.0,43.05810028322197,51.01137128131335,49.50555524383097,152.56123999999997,0.3572720426177787,140.52739999999997,122,80,63,179,136,111,211,179,153,248,225,202,160,111,86,17.288135593220332,22.058823529411768,26.89655172413792,30.0,20.27027027027027
Vintage,147.2,117.0,95.8,48.37106573148869,48.5633606744838,42.25352056338028,121.88987999999999,0.3680971653916859,142.556,75,54,45,126,92,72,176,138,111,219,198,169,140,103,82,17.999999999999996,22.22222222222222,24.923076923076913,34.80000000000002,21.72413793103448
Vintage,192.2,156.6,129.2,37.52012793155162,47.453556241866636,47.48641911115219,162.19027999999997,0.3495865160737529,123.8976,140,97,74,183,140,111,223,196,164,245,226,203,170,124,94,20.909090909090896,24.166666666666675,32.54237288135594,32.85714285714285,23.684210526315788
Vintage,161.4,130.6,108.4,48.836871316659916,51.00823462932235,47.2,135.54523999999998,0.3538259931038842,146.49579999999997,92,63,51,150,111,88,189,162,133,237,211,187,139,106,83,17.5609756097561,22.258064516129032,31.071428571428555,28.799999999999986,24.642857142857157
Vintage,178.0,140.6,110.2,42.44054665057933,46.53428843336922,44.46301834108881,146.35636,0.40370902971582173,131.3634,117,81,57,166,132,97,201,168,131,244,214,185,162,108,81,23.999999999999993,30.434782608695667,31.714285714285722,29.491525423728817,20.0
Vintage,159.4,129.4,103.4,48.56171331409138,49.92233968876059,44.49089794553488,133.90079999999998,0.37495558533731405,141.99439999999998,94,65,50,150,114,89,190,159,125,234,209,178,129,100,75,20.45454545454545,24.590163934426236,31.384615384615387,33.214285714285715,27.777777777777775
Vintage,168.4,134.0,108.2,48.693326031397774,51.50922247520341,48.84014741992493,139.45067999999998,0.38797413696680094,147.2242,101,65,47,161,122,95,201,164,134,241,215,188,138,104,77,19.999999999999996,24.54545454545455,26.865671641791057,30.56603773584905,26.55737704918033
Vintage,140.4,110.6,94.2,47.436694657195495,49.06974628016738,42.545975132790176,115.75139999999999,0.3551341333564407,140.7004,71,46,39,123,86,74,167,141,118,213,188,163,128,92,77,13.124999999999993,14.693877551020412,28.163265306122454,30.000000000000014,17.647058823529417
Vintage,167.0,136.0,116.8,45.51043836308325,49.91192242340501,47.7426434123625,141.20436,0.32747480997960643,139.22820000000002,108,73,56,156,125,106,194,166,146,239,215,192,138,101,84,19.615384615384613,22.799999999999986,25.000000000000018,29.361702127659576,18.888888888888886
Vintage,145.2,117.8,100.0,46.092949569321334,48.45368923002664,43.58898943540674,122.34007999999999,0.3379964085454115,140.9262,79,54,43,122,91,75,168,141,119,217,197,172,140,106,91,18.33333333333333,20.425531914893615,26.938775510204092,33.33333333333334,18.367346938775512
Vintage,160.0,130.0,105.8,49.86782529848279,52.744667976962376,47.01233880589222,134.63076,0.3649336050612358,144.42880000000002,94,67,51,148,116,92,197,163,132,234,214,183,127,90,71,22.325581395348838,25.714285714285708,28.615384615384592,36.47058823529413,20.357142857142858
Vintage,172.8,140.8,114.2,45.573676612711424,51.96691255019871,49.63224758158752,145.68267999999998,0.3675157903598808,141.30559999999997,113,77,58,161,128,104,203,175,140,243,222,196,144,102,73,20.727272727272727,25.263157894736842,33.333333333333336,33.19148936170214,24.507042253521135
Vintage,167.8,134.6,110.0,47.48220719385315,50.35315283078111,46.58325879540846,139.88219999999998,0.36873079678166215,138.56799999999998,103,73,57,160,120,94,198,169,138,240,213,186,138,98,75,20.869565217391298,23.636363636363633,30.999999999999996,30.000000000000014,21.904761904761912
Vintage,152.8,121.4,97.6,47.41054734971956,48.13564168056763,41.792822350255314,126.35727999999999,0.3843758681747368,135.27519999999998,91,61,47,141,107,84,184,151,121,226,198,166,122,90,70,19.090909090909093,24.210526315789476,28.571428571428577,32.00000000000001,23.076923076923073
Vintage,178.0,146.0,120.4,44.64078852350169,46.2644571998851,44.929277759607935,150.95488,0.34265647327509624,130.57080000000002,117,89,68,165,133,107,206,174,142,247,220,196,155,114,89,25.714285714285708,26.89655172413794,30.0,28.235294117647065,22.727272727272737
Vintage,173.8,137.8,113.8,48.1057169159758,51.801158288208185,49.66044703785901,143.7208,0.37333104344550716,141.87,111,74,55,161,122,99,209,174,140,246,218,196,142,101,79,20.357142857142858,22.25806451612904,29.565217391304355,26.399999999999974,20.952380952380945
Vintage,144.8,116.2,95.2,52.49914285014566,49.977594980150855,42.95765356720499,120.76415999999999,0.36039937961929425,141.329,78,57,46,129,94,73,179,146,117,227,198,168,111,86,72,20.625,22.500000000000014,28.06451612903226,30.5084745762712,21.53846153846155
Vintage,166.0,131.0,106.6,46.75467891024384,49.51363448586662,45.767237189937525,136.67932000000002,0.38264140607852953,136.1428,106,73,56,150,116,92,197,161,131,239,211,183,138,94,71,20.39999999999999,24.827586206896548,27.27272727272727,29.99999999999999,20.59701492537314
Vintage,152.0,120.4,97.0,46.45858370635076,47.238120199686186,41.39082023830888,125.42867999999999,0.3846246958447352,131.19779999999997,92,64,49,136,102,81,180,151,123,226,196,164,126,89,68,20.930232558139533,22.909090909090917,29.473684210526308,30.967741935483883,21.72413793103448
Vintage,177.0,140.2,115.2,47.84140466165265,52.41144913089124,50.24101909794426,146.21868,0.37667619480834624,143.30039999999997,113,76,58,166,127,101,212,175,141,248,222,199,146,101,77,19.636363636363637,24.0,28.732394366197177,28.163265306122454,20.869565217391305
Vintage,144.0,115.6,94.0,52.38320341483518,49.30152127470308,43.538488719752316,120.07832,0.36839872704750626,139.7582,79,58,45,125,94,73,178,144,116,227,197,168,111,85,68,22.94117647058823,24.230769230769244,27.096774193548388,29.491525423728827,23.720930232558135
Vintage,152.4,120.8,96.8,47.16184898835074,47.5747832365004,40.80882257551668,125.78536,0.3860685990338164,134.3434,90,61,48,138,107,84,184,149,119,225,197,164,125,90,69,18.571428571428573,25.555555555555564,27.6923076923077,32.45901639344263,22.500000000000014
Vintage,177.2,140.8,114.8,47.30073995192887,51.6852009766819,49.90551071775541,146.66144,0.3795738460700232,140.86999999999998,114,79,58,166,127,102,211,175,140,248,222,198,147,101,76,22.5,23.4375,29.577464788732396,28.800000000000004,21.12676056338028
Vintage,164.2,130.6,107.2,48.391734831477166,51.04742892644055,45.17255804135958,136.05388,0.3701027658954301,138.85399999999998,102,70,56,152,120,93,198,163,132,238,211,182,131,89,73,18.2608695652174,27.45762711864407,28.181818181818162,31.071428571428555,16.551724137931036
Vintage,144.4,115.4,94.6,52.62546911904919,49.90631222601005,43.86160051799296,120.06363999999999,0.3657054949724633,142.18859999999998,78,56,45,127,95,73,179,143,117,227,198,169,111,85,69,19.99999999999999,24.444444444444446,25.16129032258066,30.000000000000014,22.857142857142854
Vintage,167.8,132.0,109.0,46.63646641845842,50.37062636100528,46.208224376186536,137.95047999999997,0.37475388693337985,138.3606,107,73,58,153,118,94,199,161,134,240,214,186,140,94,73,18.367346938775505,24.406779661016948,24.923076923076913,31.111111111111125,18.80597014925374
Vintage,151.6,120.0,96.6,48.40082643922519,48.46441993875507,41.04923872619321,125.02867999999998,0.3830232208825559,137.6242,85,58,47,138,107,84,184,149,119,225,197,164,126,89,69,17.36842105263158,25.555555555555564,27.6923076923077,32.45901639344263,21.052631578947366
Vintage,173.6,137.6,113.2,47.37763185301689,51.66275253991022,50.09750492789037,143.49192,0.3772456336060643,141.517,111,74,54,161,122,98,209,173,140,244,218,196,143,101,78,21.052631578947373,22.85714285714286,28.69565217391305,27.49999999999998,21.230769230769223
Pastel,243.2,221.6,214.0,14.3024473430249,6.770524351924302,12.049896265113654,225.64344,0.13036429475729824,15.026399999999995,242,215,213,250,212,192,253,226,228,216,226,220,255,229,217,4.1379310344827465,20.689655172413808,355.5555555555555,144.0000000000001,18.94736842105265
Pastel,150.8,133.6,143.0,90.94481843403724,73.91508641677963,44.330576355378014,137.9354,0.46998472847763917,182.2206,248,233,161,247,108,108,168,208,219,55,71,133,36,48,94,49.6551724137931,0.0,192.94117647058823,227.69230769230768,227.58620689655172
Pastel,224.8,215.4,207.0,29.6,25.40551121312067,15.297058540778355,216.79196000000002,0.19654338703506738,50.01859999999999,195,177,225,234,199,199,255,229,226,185,251,192,255,221,193,262.5,0.0,6.206896551724171,126.36363636363636,27.0967741935484
Pastel,232.0,212.6,206.6,27.36421020237931,26.8968399630886,39.5808034279245,216.29123999999996,0.25957274893336274,56.70500000000001,255,207,223,199,206,234,253,253,150,198,226,255,255,171,171,340.0,228.0,60.0,210.5263157894737,0.0
Pastel,208.2,209.2,199.0,41.44104245793052,24.061587645041215,20.474374227311564,208.25096,0.21113787504469142,51.29179999999997,231,230,225,168,213,186,249,235,200,244,168,168,149,200,216,50.00000000000005,144.0,42.85714285714285,0.0,194.3283582089552
Pastel,225.4,215.0,217.0,33.41017808991745,28.156704352604905,32.69250678672408,217.35544,0.24390779531324727,51.87899999999996,175,203,255,196,250,248,246,234,194,255,168,168,255,220,220,219.00000000000003,177.7777777777778,46.15384615384614,0.0,0.0
Pastel,218.4,212.6,201.6,36.04774611539534,25.896717938765907,26.552589327596657,213.03887999999998,0.2075502426767155,65.87919999999997,229,217,242,212,165,165,249,216,216,250,244,183,152,221,202,268.8,0.0,0.0,54.62686567164181,163.4782608695652
Pastel,242.4,217.6,209.4,23.251666606933792,26.59774426525678,29.74962184633613,222.28044,0.23255787308283207,50.29739999999998,196,252,239,255,216,190,255,171,171,255,218,249,251,231,198,166.07142857142856,23.999999999999993,0.0,309.72972972972974,37.358490566037744
Pastel,238.4,216.6,209.4,20.23462379190678,10.209799214480176,10.55651457631732,220.71483999999995,0.15102795045608022,20.255799999999994,255,229,226,255,203,203,239,211,215,243,212,195,200,228,208,6.206896551724171,0.0,351.42857142857144,21.250000000000032,137.14285714285714
Pastel,215.2,204.8,183.0,42.90640977756121,14.133647795243803,28.892905703649813,205.43707999999998,0.2793952022914429,32.896000000000015,250,217,193,245,199,169,255,182,185,169,222,228,157,204,140,25.263157894736842,23.684210526315788,357.5342465753425,186.10169491525423,104.0625
Pastel,244.6,195.4,171.4,16.668533228811704,24.220652344641753,13.484806264830059,204.12711999999996,0.31566740110678415,42.33239999999998,255,221,193,255,171,171,255,195,160,212,224,155,246,166,178,27.0967741935484,0.0,22.105263157894733,70.43478260869564,351.00000000000006
Pastel,214.6,191.4,176.4,49.88226137616457,49.51201874292746,58.325294684210554,195.24931999999995,0.4315773076108897,91.88199999999995,255,224,178,255,171,118,255,103,104,164,235,243,144,224,239,35.84415584415584,23.21167883211678,359.60526315789474,186.07594936708858,189.4736842105263
Pastel,243.8,188.8,189.0,22.400000000000002,22.03088740836374,24.543838330627914,200.50744,0.27854198089492205,48.01099999999997,255,218,193,255,183,178,255,154,162,255,183,178,199,206,234,24.19354838709677,3.896103896103904,355.2475247524753,3.896103896103904,228.0
Pastel,212.8,215.8,200.2,34.242663447810244,20.083824337013105,29.532355138051557,214.03588,0.19061366831036125,54.783199999999994,247,244,234,182,215,168,241,192,232,232,232,166,162,196,201,46.15384615384622,102.12765957446807,311.0204081632653,60.0,187.69230769230768
Pastel,232.4,218.4,199.6,26.05071975973025,13.169662106523463,45.64909637659874,220.01904,0.20278230521065974,27.750399999999985,253,226,228,250,210,225,249,198,201,226,236,233,184,222,111,355.5555555555555,337.5,356.47058823529414,161.99999999999991,80.54054054054055
Pastel,240.0,212.2,209.4,14.791889669680478,17.993332098307974,20.886359184884284,217.90811999999997,0.12924341060124353,47.664199999999965,211,184,174,244,217,216,250,227,227,251,233,231,244,200,199,16.21621621621621,2.1428571428571352,0.0,5.999999999999985,1.3333333333333286
Pastel,252.6,200.4,161.6,3.3823069050575527,22.473095024940378,39.28154783101094,208.69636,0.3617174949495744,50.821200000000005,253,232,214,255,215,186,254,200,154,255,166,158,246,189,96,27.69230769230768,25.21739130434783,27.599999999999998,4.948453608247425,37.2
Pastel,240.0,219.8,192.4,27.568097504180443,29.348935244740993,15.460918472070151,222.11624,0.24549944535583154,52.886199999999974,255,231,214,255,168,168,255,209,186,185,251,192,250,240,202,24.878048780487802,0.0,20.0,126.36363636363636,47.500000000000014
Pastel,234.6,221.4,206.2,21.85040045399626,16.84755175092215,21.39532659250613,223.10888,0.1949960477082382,41.54779999999997,197,203,227,223,207,234,247,217,196,251,231,198,255,249,176,228.00000000000003,275.55555555555554,24.705882352941163,37.358490566037744,55.443037974683534
Pastel,242.6,214.0,195.6,21.47184202624451,24.48673110074107,21.740285186721906,218.75187999999997,0.2002569242144836,52.38799999999998,255,236,223,248,213,184,255,170,167,255,238,219,200,213,185,24.375000000000018,27.187500000000007,2.045454545454537,31.666666666666686,87.85714285714286
Pastel,255.0,186.2,195.6,0.0,25.10298786997277,26.612778885340028,201.50555999999997,0.2698039215686274,59.91459999999998,255,229,236,255,194,209,255,179,198,255,153,159,255,176,176,343.8461538461538,345.24590163934425,345.0,356.47058823529414,0.0
Pastel,245.2,228.6,212.2,16.70209567689037,16.230834852218784,15.791136754521506,230.94508000000002,0.14700163005940045,32.775199999999984,255,198,199,254,233,226,250,243,221,212,228,188,255,241,227,358.94736842105266,15.0,45.51724137931033,83.99999999999999,30.0
Pastel,235.4,230.0,216.2,24.532427519509763,16.87601848778319,18.280043763623762,230.15168,0.16615090088898993,33.772399999999976,255,203,210,255,248,232,255,235,183,214,245,229,198,219,227,351.9230769230769,41.7391304347826,43.33333333333333,149.03225806451613,196.55172413793105
Pastel,225.4,215.2,210.8,12.595237195067032,15.484185480676729,11.805083650698965,217.05083999999997,0.11001908161762079,26.097800000000007,231,232,209,211,226,221,214,225,227,225,198,202,246,195,195,62.6086956521739,160.00000000000006,189.2307692307692,351.11111111111114,0.0
Pastel,224.4,230.8,217.6,21.509067855209345,10.851727973000429,20.13554071784515,228.48631999999998,0.15211252247388876,22.48339999999996,244,215,195,210,231,211,198,228,218,215,249,255,255,231,209,24.489795918367353,122.85714285714285,159.99999999999997,189.0,28.69565217391305
Pastel,227.6,221.2,222.4,23.946607275353223,17.70197729068705,14.867414032036642,222.64728,0.1247496817035992,34.58299999999997,225,244,243,184,214,199,241,192,232,233,233,216,255,223,222,176.84210526315783,150.0,311.0204081632653,60.0,1.81818181818181
Pastel,247.2,220.0,225.4,9.21737489744233,17.216271373325874,13.062924634246345,226.17259999999996,0.1384525354363563,31.3074,255,194,233,252,230,232,243,209,209,231,244,242,255,223,211,321.6393442622951,354.54545454545456,0.0,170.76923076923066,16.363636363636378
Pastel,252.2,216.8,199.8,2.6381811916545836,22.569005294872877,18.808508712813996,223.09864,0.20808557583166926,47.09040000000002,252,234,222,255,230,198,251,234,211,255,211,202,248,175,166,23.999999999999968,33.68421052631579,34.5,10.18867924528301,6.585365853658536
Pastel,235.0,222.4,213.4,23.16031087874254,12.768711759609895,13.893883546366725,224.42896000000002,0.12919643624859736,26.121800000000007,255,231,222,250,227,227,255,197,197,216,229,225,199,228,196,16.363636363636356,0.0,0.0,161.5384615384615,114.37500000000003
Pastel,228.0,225.4,205.0,17.378147196982766,7.863841300534999,6.899275324264136,224.47988,0.1248043773635664,18.173000000000002,212,217,209,229,229,207,205,234,192,246,232,212,248,215,205,97.49999999999987,60.0,101.4285714285714,35.294117647058805,13.953488372093016
Pastel,247.0,220.6,202.2,7.848566748139434,8.708616422830897,8.68101376568428,224.88416,0.18077907478898123,18.788600000000002,250,212,192,255,230,198,232,212,196,248,232,211,250,217,214,20.689655172413808,33.68421052631579,26.66666666666668,34.05405405405406,4.999999999999982
Pastel,254.0,222.8,220.0,1.5491933384829668,6.241794613730893,4.242640687119285,229.23096,0.13389475600761996,13.441999999999979,255,220,220,255,230,219,255,222,222,254,229,226,251,213,213,0.0,18.333333333333353,0.0,6.428571428571466,0.0
Pastel,244.6,234.6,221.6,10.85541339608953,11.038115781237304,8.935323161475472,235.7874,0.09376553655945137,29.003599999999977,255,235,231,231,231,209,250,243,221,255,248,232,232,216,215,9.999999999999964,60.0,45.51724137931033,41.7391304347826,3.52941176470587
Pastel,250.6,227.4,221.0,4.841487374764082,12.531560158256434,12.569805089976535,231.87023999999997,0.11758230737613509,27.968199999999968,255,247,235,252,229,229,255,216,201,249,212,212,242,233,228,36.000000000000014,0.0,16.666666666666668,0.0,21.428571428571384
Pastel,253.4,219.6,205.2,3.1999999999999997,18.67190402717409,21.19811312357777,225.7462,0.189527665317139,37.939599999999984,255,245,218,247,227,227,255,230,217,255,199,196,255,197,168,43.783783783783804,0.0,20.526315789473696,3.0508474576271105,20.000000000000007
Pastel,249.4,223.2,202.6,6.711184694225007,8.084553172563094,8.212186067059125,227.28279999999995,0.18731933688134297,12.387,255,228,193,255,212,204,252,229,216,248,215,205,237,232,195,33.870967741935495,9.411764705882353,21.666666666666675,13.953488372093016,52.85714285714284
Pastel,246.4,221.4,220.4,14.82700239428051,14.093970341958295,20.567936211491904,226.6428,0.16056547106647537,30.49200000000002,250,217,232,255,235,232,255,196,196,217,232,246,255,227,196,332.7272727272727,7.826086956521707,0.0,208.96551724137927,31.525423728813543
Pastel,228.2,226.0,219.2,19.47716611830376,7.014271166700073,5.2306787322488075,225.97676,0.09600723522054273,13.73599999999999,232,230,227,248,212,212,249,230,221,212,229,221,200,229,215,36.000000000000135,0.0,19.28571428571429,151.76470588235293,151.0344827586207
Pastel,238.0,218.0,208.0,21.090282122342508,10.079682534683322,6.06630035524124,221.53000000000003,0.14803831728724431,19.317200000000014,248,217,218,255,199,199,255,225,209,233,227,207,199,222,207,358.06451612903226,0.0,20.869565217391305,46.15384615384614,140.86956521739128
Pastel,230.8,223.6,222.6,21.54437281519237,5.043808085167396,13.001538370516007,225.05852,0.12079983979904156,15.07680000000002,255,218,217,237,227,212,250,229,227,199,227,211,213,217,246,1.5789473684210442,35.99999999999995,5.217391304347882,145.7142857142857,232.72727272727275
Pastel,245.4,211.6,211.6,7.2277243998370615,10.091580649234292,10.781465577554842,218.78588,0.16100843979276874,21.78019999999998,246,200,227,255,216,218,249,227,198,233,201,201,244,214,214,324.7826086956522,356.9230769230769,34.117647058823515,0.0,0.0
Pastel,241.8,216.2,207.6,11.267652816802618,17.497428382479523,12.191800523302536,221.02164,0.1381767620941466,29.989000000000033,251,234,214,246,197,197,255,193,193,227,227,207,230,230,227,32.43243243243242,0.0,0.0,60.0,60.0
Pastel,245.2,217.8,215.4,9.785703858180055,10.870142593360953,8.890444308357146,223.45196,0.12178162141175901,25.246599999999972,255,223,221,252,225,217,228,211,211,241,200,201,250,230,227,3.52941176470587,13.714285714285705,0.0,358.5365853658537,7.826086956521787
Pastel,237.4,218.4,208.8,21.74028518672191,9.911609354691093,10.665833300778706,221.74627999999998,0.14261289164664376,17.514400000000023,247,212,211,233,232,223,255,218,216,197,226,201,255,204,193,1.6666666666667074,54.00000000000002,3.076923076923066,128.27586206896547,10.645161290322598
Pastel,242.4,222.6,215.2,10.947145746723207,16.007498243010993,15.144636014114042,226.27519999999998,0.11469459193448887,39.31200000000001,255,243,227,251,231,232,227,230,223,232,198,196,247,211,198,34.28571428571427,357.0,85.71428571428586,3.3333333333333215,15.918367346938753
Pastel,239.2,216.2,210.6,20.409801566894277,8.423775875461075,9.54148835350125,220.68548,0.1595114896531532,14.019200000000012,254,224,200,239,211,212,255,204,201,248,215,214,200,227,226,26.666666666666664,357.8571428571428,3.333333333333355,1.764705882352935,177.7777777777778
Pastel,239.0,224.2,217.4,14.560219778561036,8.44748483277715,6.437390775772433,226.85551999999998,0.10439611638113355,13.869599999999991,248,216,215,252,231,212,231,232,230,250,212,214,214,230,216,1.81818181818181,28.499999999999982,90.0,356.84210526315786,127.49999999999997
Pastel,231.8,222.4,222.6,21.479292353334177,12.43543324536785,4.409081537009721,224.41288,0.10972438703248995,31.42979999999997,255,215,215,255,244,224,217,228,221,200,216,228,232,209,225,0.0,38.70967741935486,141.81818181818184,205.71428571428575,318.26086956521743
Pastel,230.6,228.0,223.8,22.222511109233356,3.7416573867739413,14.005713120009275,228.24952000000002,0.1318314274504284,18.62319999999997,247,228,200,255,230,230,212,229,240,197,221,232,242,232,217,35.74468085106384,0.0,203.57142857142853,198.85714285714283,36.000000000000014
Pastel,231.2,221.8,226.8,19.993999099729898,8.997777503361593,16.4730082255792,224.15944,0.12410032750812375,18.91979999999998,230,230,242,200,216,228,250,212,196,255,216,228,221,235,240,240.0,205.71428571428575,17.777777777777786,341.53846153846155,195.78947368421055
Bohemian,184.8,158.8,141.0,45.41981946243292,46.91012683845568,39.370039370059054,163.04244,0.241001387319472,132.69760000000002,194,184,163,161,124,107,212,165,154,245,228,195,112,93,86,40.6451612903226,18.888888888888886,11.379310344827601,39.60000000000001,16.153846153846136
Bohemian,179.0,151.2,125.6,38.94098098404815,45.048418396210096,44.942630096602045,155.26196,0.31615180940120313,109.59679999999999,148,111,67,224,192,151,217,202,179,183,164,154,123,87,77,32.59259259259259,33.6986301369863,36.315789473684205,20.68965517241383,13.04347826086957
Bohemian,192.8,150.4,129.0,34.32433539050683,33.93287491504367,27.018512172212592,157.86916,0.3353482344959476,101.62420000000002,209,162,143,178,133,127,244,203,161,193,154,134,140,100,80,17.272727272727263,7.058823529411773,30.361445783132524,20.33898305084745,19.999999999999996
Bohemian,175.6,138.2,123.8,48.967744485528435,52.66649789002492,42.17771923658272,145.11156,0.31038556240896675,138.2146,216,180,160,178,124,125,241,216,178,132,98,93,111,73,63,21.428571428571445,358.88888888888886,36.1904761904762,7.692307692307705,12.499999999999988
Bohemian,176.2,149.8,130.2,48.519686726111495,49.67655382572346,39.7763748976701,153.99752,0.26449001093118074,143.42200000000003,106,81,74,155,119,109,214,173,140,245,228,195,161,148,133,13.12499999999998,13.043478260869575,26.756756756756758,39.60000000000001,32.14285714285716
Bohemian,172.8,143.8,132.0,40.395049201603904,43.60458691468135,42.10938137755054,149.11344,0.24768150998083466,112.2976,183,164,149,216,203,190,212,165,154,140,100,80,113,87,87,26.47058823529413,29.999999999999968,11.379310344827601,19.999999999999996,0.0
Bohemian,160.4,135.0,117.0,41.57210603277154,39.232639472765534,33.988233257996804,139.10044,0.2654945717607561,118.84479999999998,191,148,116,214,200,178,163,121,103,140,126,114,94,80,74,25.60000000000001,36.666666666666664,17.999999999999996,27.69230769230769,17.999999999999975
Bohemian,186.4,162.8,146.2,38.6191662261111,45.0794853564235,43.960891710701226,166.61883999999998,0.23116946245123143,125.32680000000002,216,190,161,159,133,123,128,95,80,194,171,154,235,225,213,31.636363636363644,16.666666666666682,18.750000000000007,25.499999999999993,32.72727272727273
Bohemian,196.4,174.8,152.4,35.758076010881794,39.5797928241167,43.31558610939023,177.77488,0.23740201090189936,119.02639999999998,200,169,130,133,109,88,194,171,151,213,195,176,242,230,217,33.42857142857143,27.999999999999986,27.906976744186036,30.81081081081079,31.200000000000028
Bohemian,194.4,167.8,145.4,30.322269044383866,32.61533381708671,26.68032983304367,171.83787999999998,0.25335855328632867,81.47579999999999,178,137,115,213,195,176,159,133,122,178,158,136,244,216,178,20.952380952380953,30.81081081081079,17.837837837837842,31.42857142857144,34.54545454545454
Bohemian,164.6,132.2,119.2,49.60080644505692,47.83053418058385,45.831866643199255,138.14964,0.29189219147650247,123.85279999999999,115,85,72,212,165,154,229,206,189,161,124,107,106,81,74,18.139534883720923,11.379310344827601,25.499999999999993,18.888888888888886,13.12499999999998
Bohemian,186.0,157.8,133.0,44.43422104639621,49.2560656163279,42.506470095739544,162.00475999999998,0.2986126949219463,138.7922,209,183,161,161,124,107,115,85,72,200,169,130,245,228,195,27.500000000000007,18.888888888888886,18.139534883720923,33.42857142857143,39.60000000000001
Bohemian,176.6,140.2,124.4,41.26305853908554,44.80357128622673,39.22040285361689,146.79788000000002,0.309636907820687,125.87640000000002,178,133,127,111,73,63,214,173,140,225,203,183,155,119,109,7.058823529411773,12.499999999999988,26.756756756756758,28.571428571428555,13.043478260869575
Bohemian,180.6,153.2,132.0,43.02371439101928,50.2370381292528,53.82564444574723,157.4946,0.3001037147648928,151.54739999999998,166,143,121,242,230,217,194,171,154,191,148,116,110,74,52,29.333333333333336,31.200000000000028,25.499999999999993,25.60000000000001,22.758620689655178
Bohemian,174.8,136.6,126.2,27.592752671670873,22.913751329714653,19.73220717507294,143.97044,0.27753417625048293,69.33060000000002,212,165,154,178,133,127,193,154,134,159,133,123,132,98,93,11.379310344827601,7.058823529411773,20.33898305084745,16.666666666666682,7.692307692307705
Bohemian,188.6,159.8,134.2,39.76229369641545,44.63810031800188,38.36873727398388,164.07455999999996,0.2991046870555221,117.6386,200,169,130,213,195,176,161,124,107,128,95,80,241,216,178,33.42857142857143,30.81081081081079,18.888888888888886,18.750000000000007,36.1904761904762
Bohemian,169.4,142.0,127.6,36.29104572756206,37.14296703280447,32.14716161654089,146.78556,0.2520073247690387,98.8002,155,119,109,183,164,149,194,184,163,209,162,143,106,81,74,13.043478260869575,26.47058823529413,40.6451612903226,17.272727272727263,13.12499999999998
Bohemian,180.0,152.6,133.2,49.654808427784715,51.3988326715695,46.739276845068964,157.02456,0.2653395160489468,135.0786,242,230,217,200,169,130,112,93,86,214,173,140,132,98,93,31.200000000000028,33.42857142857143,16.153846153846136,26.756756756756758,7.692307692307705
Bohemian,175.6,149.6,128.8,42.56101502549017,43.26476626540354,35.34628693370776,153.62583999999998,0.27396861423163055,128.76979999999998,159,133,122,194,171,151,166,143,121,244,216,178,115,85,72,17.837837837837842,27.906976744186036,29.333333333333336,34.54545454545454,18.139534883720923
Bohemian,189.6,161.8,144.4,42.495176196834386,47.19491498032389,48.51638898351772,166.454,0.26590935416165407,129.5972,212,165,154,110,74,52,183,164,149,229,206,189,214,200,178,11.379310344827601,22.758620689655178,26.47058823529413,25.499999999999993,36.666666666666664
Bohemian,174.0,143.4,121.0,46.857229965075824,51.62402541452962,41.899880668087825,148.28828,0.3154763611711061,138.7922,132,98,93,178,137,115,245,228,195,200,169,130,115,85,72,7.692307692307705,20.952380952380953,39.60000000000001,33.42857142857143,18.139534883720923
Bohemian,182.0,157.6,140.4,40.59063931499478,38.58808106138474,35.256772399072496,161.5456,0.23069659433848488,113.1284,166,143,121,112,93,86,194,184,163,209,162,143,229,206,189,29.333333333333336,16.153846153846136,40.6451612903226,17.272727272727263,25.499999999999993
Bohemian,174.4,136.8,120.4,38.86695254325968,40.03198721022977,35.30212458195682,143.60967999999997,0.32227074910809794,113.077,216,190,161,155,119,109,111,73,63,212,165,154,178,137,115,31.636363636363644,13.043478260869575,12.499999999999988,11.379310344827601,20.952380952380953
Bohemian,174.4,143.6,133.4,36.87058448139926,45.06262309275837,43.51367601111172,149.41163999999998,0.24941920111175878,126.7452,161,124,107,178,133,127,242,230,217,159,133,123,132,98,93,18.888888888888886,7.058823529411773,31.200000000000028,16.666666666666682,7.692307692307705
Bohemian,172.4,147.0,126.8,34.21461675950791,38.74532229831106,39.690804980498946,150.94160000000002,0.28709279413106364,106.874,183,164,149,194,171,151,209,183,161,166,143,121,110,74,52,26.47058823529413,27.906976744186036,27.500000000000007,29.333333333333336,22.758620689655178
Bohemian,175.2,142.0,125.8,53.22931523136476,50.111874840201295,45.97564572684107,147.88868,0.29397032463956047,123.85279999999999,106,81,74,214,173,140,229,206,189,212,165,154,115,85,72,13.12499999999998,26.756756756756758,25.499999999999993,11.379310344827601,18.139534883720923
Bohemian,180.8,155.8,135.8,44.59327303529087,45.59561382413883,36.50972473191218,159.671,0.24968298627508134,122.03739999999999,214,200,178,241,216,178,178,137,115,159,133,122,112,93,86,36.666666666666664,36.1904761904762,20.952380952380953,17.837837837837842,16.153846153846136
Bohemian,182.0,140.4,123.4,37.44329045369811,36.019994447528724,31.702365842315302,148.01676,0.3316647331419209,93.84120000000001,178,133,127,212,165,154,200,169,130,209,162,143,111,73,63,7.058823529411773,11.379310344827601,33.42857142857143,17.272727272727263,12.499999999999988
Bohemian,188.0,162.0,142.8,47.6613050597652,47.19745755864398,40.016996389034496,166.14136,0.24377928864457982,122.67519999999999,244,216,178,194,171,154,161,124,107,112,93,86,229,206,189,34.54545454545454,25.499999999999993,18.888888888888886,16.153846153846136,25.499999999999993
Bohemian,185.8,156.8,135.8,49.30476650385843,51.36691542228325,41.700839320090424,161.4492,0.27564041658959554,143.42200000000003,209,183,161,214,173,140,245,228,195,155,119,109,106,81,74,27.500000000000007,26.756756756756758,39.60000000000001,13.043478260869575,13.12499999999998
Bohemian,164.8,132.8,118.2,44.40450427603038,44.26014008111588,33.01757107965394,138.54908,0.2821857543239608,122.03739999999999,112,93,86,178,133,127,132,98,93,241,216,178,161,124,107,16.153846153846136,7.058823529411773,7.692307692307705,36.1904761904762,18.888888888888886
Bohemian,181.8,150.4,127.6,37.74864235969289,35.942175782776424,31.474434069574627,155.42947999999998,0.3046423832235331,102.99439999999998,216,190,161,166,143,121,115,85,72,212,165,154,200,169,130,31.636363636363644,29.333333333333336,18.139534883720923,11.379310344827601,33.42857142857143
Bohemian,171.2,137.4,118.2,35.13061343045407,36.23037399751761,30.40657823563842,143.19964,0.3173026592554531,98.97720000000001,214,173,140,178,137,115,159,133,122,111,73,63,194,171,151,26.756756756756758,20.952380952380953,17.837837837837842,12.499999999999988,27.906976744186036
Bohemian,177.8,149.0,132.6,37.64784190362045,36.138621999185304,32.11603960640228,153.9388,0.25573889245180365,100.92099999999999,194,171,151,213,195,176,209,162,143,112,93,86,161,124,107,27.906976744186036,30.81081081081079,17.272727272727263,16.153846153846136,18.888888888888886
Bohemian,185.0,153.2,139.8,43.94542069431126,50.66517541665083,53.1390628445779,158.99319999999997,0.27529452434328633,151.54739999999998,110,74,52,183,164,149,212,165,154,178,133,127,242,230,217,22.758620689655178,26.47058823529413,11.379310344827601,7.058823529411773,31.200000000000028
Bohemian,169.2,144.2,125.2,34.51028832102102,39.55451933723882,34.11978897941779,148.14319999999998,0.27123900368773296,102.99439999999998,155,119,109,216,190,161,166,143,121,194,184,163,115,85,72,13.043478260869575,31.636363636363644,29.333333333333336,40.6451612903226,18.139534883720923
Bohemian,184.4,155.2,135.2,47.894049734805265,48.13481068831579,39.625244478741074,159.96392,0.27119368502117824,143.42200000000003,245,228,195,212,165,154,200,169,130,159,133,123,106,81,74,39.60000000000001,11.379310344827601,33.42857142857143,16.666666666666682,13.12499999999998
Bohemian,185.8,149.6,126.6,39.37715073491224,41.0687228922449,29.897157055479372,155.63551999999999,0.3202154104468672,114.34179999999999,132,98,93,214,173,140,178,137,115,161,124,107,244,216,178,7.692307692307705,26.756756756756758,20.952380952380953,18.888888888888886,34.54545454545454
Bohemian,168.8,141.0,128.6,49.63627705620155,54.21807816586641,49.414977486588015,146.015,0.2587977863312528,129.3056,214,200,178,229,206,189,112,93,86,178,133,127,111,73,63,36.666666666666664,25.499999999999993,16.153846153846136,7.058823529411773,12.499999999999988
Bohemian,165.8,136.4,119.8,46.559209615284495,44.72404275107518,38.654365859498974,141.45192,0.2864022577943414,107.62419999999999,183,164,149,216,190,161,209,162,143,115,85,72,106,81,74,26.47058823529413,31.636363636363644,17.272727272727263,18.139534883720923,13.12499999999998
Bohemian,183.0,149.4,128.4,20.09975124224178,14.77294825009551,13.661625086350451,155.02715999999998,0.2962612459590322,36.46460000000002,200,169,130,166,143,121,212,165,154,178,137,115,159,133,122,33.42857142857143,29.333333333333336,11.379310344827601,20.952380952380953,17.837837837837842
Bohemian,182.8,157.8,141.0,46.07559006675878,55.31509739664209,56.64980141183197,161.90204,0.2645422221337914,151.54739999999998,242,230,217,155,119,109,110,74,52,213,195,176,194,171,151,31.200000000000028,13.043478260869575,22.758620689655178,30.81081081081079,27.906976744186036
Bohemian,178.6,147.8,130.0,38.3437087408091,34.09046787593271,29.086079144497972,153.06292,0.2693439392935326,88.07580000000002,112,93,86,194,184,163,161,124,107,212,165,154,214,173,140,16.153846153846136,40.6451612903226,18.888888888888886,11.379310344827601,26.756756756756758
Bohemian,178.4,146.4,127.0,38.77937596197236,41.67301285004481,36.81847362398393,151.80252000000002,0.2996691841288118,117.09819999999999,200,169,130,209,162,143,213,195,176,111,73,63,159,133,123,33.42857142857143,17.272727272727263,30.81081081081079,12.499999999999988,16.666666666666682
Bohemian,186.6,153.4,138.0,38.82061308119695,43.11194730002346,34.46737587922817,159.34643999999997,0.2661444550099932,124.36420000000003,245,228,195,132,98,93,178,133,127,212,165,154,166,143,121,39.60000000000001,7.692307692307705,7.058823529411773,11.379310344827601,29.333333333333336
Bohemian,188.8,163.4,140.8,43.17128675404521,39.681733833087485,30.195363882556542,167.16832,0.24935797446216457,122.03739999999999,183,164,149,214,173,140,112,93,86,241,216,178,194,171,151,26.47058823529413,26.756756756756758,16.153846153846136,36.1904761904762,27.906976744186036
Bohemian,165.6,133.8,112.2,45.230962846262734,48.05580089853877,44.745502567297194,139.00116,0.3478826112841231,113.36859999999999,110,74,52,209,183,161,216,190,161,178,137,115,115,85,72,22.758620689655178,27.500000000000007,31.636363636363644,20.952380952380953,18.139534883720923
Bohemian,185.6,161.8,147.6,50.305466899731684,49.19918698515251,45.8501908392975,165.83463999999998,0.21439840869768356,126.05620000000002,196,166,157,241,217,198,146,123,107,111,91,83,234,212,193,13.846153846153836,26.511627906976738,24.615384615384624,17.142857142857142,27.80487804878052
Bohemian,186.6,163.8,144.0,40.326666115611395,42.020947157340466,38.51233568611491,167.21772,0.23778625549683174,116.42759999999997,188,166,144,216,194,174,128,104,88,242,222,196,159,133,118,30.0,28.571428571428555,24.0,33.913043478260875,21.951219512195127
Bohemian,186.0,160.0,142.0,45.677127755584635,46.97658991455212,45.74275898981171,164.22799999999998,0.2516643986498016,140.50779999999997,168,140,122,209,182,162,109,85,72,199,166,143,245,227,211,23.478260869565226,25.53191489361704,21.081081081081077,24.64285714285715,28.235294117647037
Neon,155.0,124.4,147.2,94.97157469474749,108.88819954430323,120.65388514258461,132.55172,0.9619469026548673,136.7522,255,0,255,0,255,255,255,69,0,138,43,226,127,255,0,300.0,180.0,16.235294117647054,271.1475409836065,90.11764705882354
Neon,170.4,147.8,120.4,103.96460936299428,82.68833049469556,96.9053146117384,150.62648,0.8627450980392156,128.8506,57,255,20,255,20,147,30,144,255,255,215,0,255,105,180,110.55319148936171,327.5744680851064,209.6,50.588235294117645,330.0
Neon,131.6,109.0,132.8,114.33389698597699,101.88424804649637,92.23535114043855,115.52311999999999,0.9443137254901961,135.67699999999996,0,255,0,255,0,127,148,0,211,255,99,71,0,191,255,120.0,330.11764705882354,282.085308056872,9.13043478260869,195.05882352941174
Neon,154.4,152.0,76.0,95.15587212568649,108.22014599879266,95.82484020336271,147.02303999999998,0.9619469026548673,153.768,255,0,0,124,252,0,0,250,154,138,43,226,255,215,0,0.0,90.47619047619048,156.96,271.1475409836065,50.588235294117645
Neon,187.6,119.8,140.8,99.03050035216422,112.65061029572809,104.63727825206465,135.73048,0.9474509803921569,149.9252,0,255,255,255,20,147,173,255,47,255,69,0,255,0,255,180.0,327.5744680851064,83.65384615384615,16.235294117647054,300.0
Neon,147.6,133.8,139.2,96.35891240565141,78.10096030139451,97.53235360638028,137.12376,0.8453371592539455,161.28199999999998,50,205,50,255,105,180,30,144,255,255,215,0,148,0,211,120.0,330.0,209.6,50.588235294117645,282.085308056872
Neon,180.6,70.6,190.8,101.03187615797303,68.71564596218244,71.76740207085666,102.66444000000001,0.8905743536352594,82.3902,255,99,71,138,43,226,0,191,255,255,20,147,255,0,255,9.13043478260869,271.1475409836065,195.05882352941174,327.5744680851064,300.0
Neon,143.0,157.8,77.0,102.91549931861576,103.92959155120356,88.30854998243375,148.81976,0.9843137254901961,161.28199999999998,57,255,20,0,250,154,255,69,0,148,0,211,255,215,0,110.55319148936171,156.96,16.235294117647054,282.085308056872,50.588235294117645
Neon,154.4,114.0,151.0,95.15587212568649,114.71529976424243,89.25693250386773,125.26043999999997,0.9462606281450633,143.2104,255,20,147,124,252,0,0,255,255,138,43,226,255,0,127,327.5744680851064,90.47619047619048,180.0,271.1475409836065,330.11764705882354
Neon,187.6,166.0,96.4,99.03050035216422,99.51884243699783,103.12051202355427,165.56704,0.8807843137254903,149.9252,0,255,0,255,0,255,173,255,47,255,105,180,255,215,0,120.0,300.0,83.65384615384615,330.0,50.588235294117645
Neon,141.6,125.6,117.4,104.11647324030909,92.45020281210853,98.1562020455152,128.40956,0.895533237685318,154.08799999999997,50,205,50,148,0,211,255,69,0,0,255,255,255,99,71,120.0,282.085308056872,16.235294117647054,180.0,9.13043478260869
Neon,170.4,83.8,160.8,103.96460936299428,101.04335703053417,88.20975002798727,107.77056,0.9450980392156861,132.55579999999998,255,20,147,30,144,255,255,0,127,57,255,20,255,0,255,327.5744680851064,209.6,330.11764705882354,110.55319148936171,300.0
Neon,129.6,143.2,141.2,114.11678228902181,90.99978021951482,95.04819829959956,140.16424,0.9062606281450634,124.37739999999998,0,250,154,138,43,226,255,69,0,255,99,71,0,255,255,156.96,271.1475409836065,16.235294117647054,9.13043478260869,180.0
Neon,208.0,94.0,118.6,57.94480131987683,115.81882403132921,105.20950527400079,120.01251999999997,1.0,162.67719999999997,127,255,0,255,0,255,255,215,0,148,0,211,255,0,127,90.11764705882354,300.0,50.588235294117645,282.085308056872,330.11764705882354
Neon,129.6,121.6,139.8,114.1167822890218,89.02044708941874,94.90079030229411,124.61483999999999,0.8905743536352594,105.96639999999998,255,20,147,0,255,0,0,191,255,255,99,71,138,43,226,327.5744680851064,120.0,195.05882352941174,9.13043478260869,271.1475409836065
Neon,170.4,114.6,142.0,103.96460936299428,84.71269090283936,111.3822247937255,128.44135999999997,0.8784313725490195,123.31419999999997,57,255,20,30,144,255,255,0,255,255,69,0,255,105,180,110.55319148936171,209.6,300.0,16.235294117647054,330.0
Neon,166.2,145.0,128.0,93.56366816238021,119.2895636675732,95.87909052551552,148.27972,0.9631372549019608,175.85019999999997,173,255,47,255,0,127,148,0,211,0,255,255,255,215,0,83.65384615384615,330.11764705882354,282.085308056872,180.0,50.588235294117645
Neon,190.6,90.4,156.4,83.63874700161402,69.04954742791585,82.14280248445387,116.46772000000001,0.7751271991637148,88.232,255,99,71,50,205,50,255,0,255,138,43,226,255,105,180,9.13043478260869,120.0,300.0,271.1475409836065,330.0
Neon,127.4,187.2,80.4,114.03964223023502,87.10545333100565,104.22398956094513,166.77555999999998,0.9843137254901961,130.24579999999997,0,255,0,255,20,147,255,215,0,0,191,255,127,255,0,120.0,327.5744680851064,50.588235294117645,195.05882352941174,90.11764705882354
Neon,135.6,101.2,152.4,107.75639192177881,87.90767884547971,89.2381084514906,112.21008000000002,0.9384174908901614,126.53639999999997,255,69,0,138,43,226,255,0,127,30,144,255,0,250,154,16.235294117647054,271.1475409836065,330.11764705882354,209.6,156.96
Neon,177.6,121.8,120.8,74.0583553692627,114.60785313406755,94.05615344037837,133.59088,0.891764705882353,175.85019999999997,255,0,255,57,255,20,148,0,211,255,99,71,173,255,47,300.0,110.55319148936171,282.085308056872,9.13043478260869,83.65384615384615
Neon,178.4,119.8,105.8,102.05018373329858,112.65061029572809,96.74171799177437,131.24756,0.9843137254901961,145.99379999999996,127,255,0,255,0,127,0,255,255,255,69,0,255,20,147,90.11764705882354,330.11764705882354,180.0,16.235294117647054,327.5744680851064
Neon,137.6,120.6,143.4,107.87511297792462,82.29848115244899,93.98850993605548,125.86035999999999,0.8384313725490197,135.67699999999996,0,255,0,30,144,255,255,99,71,148,0,211,255,105,180,120.0,209.6,9.13043478260869,282.085308056872,330.0
Neon,164.2,113.6,165.8,94.03701398917343,114.23589628483685,72.36960688023667,128.1264,0.9093978830470242,149.9252,255,20,147,173,255,47,255,0,255,138,43,226,0,250,154,327.5744680851064,83.65384615384615,300.0,271.1475409836065,156.96
Neon,143.0,123.0,158.6,102.91549931861576,114.39405578962571,80.87669627278305,129.82232,0.9019607843137255,154.08799999999997,57,255,20,0,255,255,148,0,211,255,105,180,255,0,127,110.55319148936171,180.0,282.085308056872,330.0,330.11764705882354
Neon,163.0,155.8,75.2,113.78049041905207,59.87453548880359,94.11779852928987,151.51139999999998,0.895533237685318,104.41919999999999,255,69,0,255,99,71,255,215,0,50,205,50,0,191,255,16.235294117647054,9.13043478260869,50.588235294117645,120.0,195.05882352941174
Neon,155.0,114.6,176.6,94.97157469474749,115.44106721613413,96.74419879248573,127.66543999999999,0.9462606281450634,136.7522,138,43,226,0,255,255,255,0,255,127,255,0,255,20,147,271.1475409836065,180.0,300.0,90.11764705882354,327.5744680851064
Neon,121.2,150.8,169.4,94.13904609671802,95.48067867375055,69.84153492013186,145.84995999999998,0.8572549019607842,175.85019999999997,0,250,154,255,105,180,30,144,255,173,255,47,148,0,211,156.96,330.0,209.6,83.65384615384615,282.085308056872
Neon,164.4,135.6,94.6,112.41636891485155,102.64034294564686,91.48682965323479,138.76268,0.9286274509803922,137.40459999999996,255,69,0,255,99,71,0,255,255,255,0,127,57,255,20,16.235294117647054,9.13043478260869,180.0,330.11764705882354,110.55319148936171
Neon,191.6,106.0,132.0,53.775831002412225,121.8769871632869,96.17068160307485,126.07575999999997,0.9474509803921567,175.85019999999997,255,0,255,173,255,47,127,255,0,255,20,147,148,0,211,300.0,83.65384615384615,90.11764705882354,327.5744680851064,282.085308056872
Neon,118.0,154.4,126.2,112.98672488394378,68.04586688403639,107.66503610736403,144.62532000000002,0.8720038259206122,97.22519999999997,255,99,71,0,255,255,30,144,255,50,205,50,255,69,0,9.13043478260869,180.0,209.6,120.0,16.235294117647054
Neon,129.6,100.8,207.4,114.11678228902181,100.42589307544145,47.7015723011307,114.6194,0.9462606281450633,117.29479999999998,138,43,226,255,20,147,255,0,255,0,191,255,0,250,154,271.1475409836065,327.5744680851064,300.0,195.05882352941174,156.96
Neon,168.4,166.0,82.2,76.86247458935992,99.51884243699783,93.3132359314583,160.45987999999997,0.9019607843137255,162.67719999999997,255,105,180,57,255,20,255,215,0,148,0,211,127,255,0,330.0,110.55319148936171,50.588235294117645,282.085308056872,90.11764705882354
Neon,135.6,102.2,198.2,107.75639192177883,89.6066961783549,99.73444740910735,116.23204000000001,0.9384174908901614,128.16299999999998,0,255,255,255,69,0,255,0,255,138,43,226,30,144,255,180.0,16.235294117647054,300.0,271.1475409836065,209.6
Neon,166.2,124.8,126.0,93.56366816238021,109.40822638174883,59.52478475391574,133.68828,0.891764705882353,175.85019999999997,255,99,71,173,255,47,0,250,154,255,20,147,148,0,211,9.13043478260869,83.65384615384615,156.96,327.5744680851064,282.085308056872
Neon,137.4,173.2,86.4,104.19712088152916,89.179369811633,96.2592333233545,159.32196,0.9512195121951219,145.99379999999996,127,255,0,255,0,127,50,205,50,255,215,0,0,191,255,90.11764705882354,330.11764705882354,120.0,50.588235294117645,195.05882352941174
Neon,164.4,140.8,120.4,112.41636891485155,97.0698717419571,96.9053146117384,144.34448,0.8862745098039216,121.65659999999998,255,20,147,0,255,255,255,69,0,255,105,180,57,255,20,327.5744680851064,180.0,16.235294117647054,330.0,110.55319148936171
Neon,139.6,88.4,189.4,71.49993006989587,98.5263416554172,96.21351256450416,106.57731999999999,0.9384174908901614,162.67719999999997,138,43,226,255,0,255,148,0,211,127,255,0,30,144,255,271.1475409836065,300.0,282.085308056872,90.11764705882354,209.6
Neon,187.6,134.6,79.8,99.03050035216422,101.49009803916834,55.23549583374807,141.91124,0.9074509803921569,159.16679999999997,255,0,127,173,255,47,0,250,154,255,99,71,255,69,0,330.11764705882354,83.65384615384615,156.96,9.13043478260869,16.235294117647054
Neon,204.0,117.8,120.0,102.0,102.04587203802022,84.62151026778002,136.28496,0.928627450980392,144.59859999999998,255,99,71,0,255,255,255,20,147,255,0,127,255,215,0,9.13043478260869,180.0,327.5744680851064,330.11764705882354,50.588235294117645
Neon,143.6,100.6,148.4,65.5701151440197,107.97888682515669,102.96523685205605,113.19296,0.9131664148499892,162.67719999999997,148,0,211,50,205,50,138,43,226,255,0,255,127,255,0,282.085308056872,120.0,271.1475409836065,300.0,90.11764705882354
Neon,103.0,201.8,131.2,95.97708059740096,64.33474955263291,86.81336302666773,175.6978,0.8415686274509804,94.77139999999999,255,105,180,30,144,255,0,250,154,57,255,20,173,255,47,330.0,209.6,156.96,110.55319148936171,83.65384615384615
Neon,157.0,119.8,122.6,94.69741284744795,112.65061029572809,105.83118632992829,127.91087999999998,0.9843137254901961,162.67719999999997,255,69,0,127,255,0,0,255,255,148,0,211,255,20,147,16.235294117647054,90.11764705882354,180.0,282.085308056872,327.5744680851064
Neon,142.6,149.6,156.4,108.81654285998981,96.08454610393912,87.98999943175362,148.60276,0.8839215686274511,149.9252,255,0,255,173,255,47,255,99,71,30,144,255,0,250,154,300.0,83.65384615384615,9.13043478260869,209.6,156.96
Neon,159.2,80.6,199.8,94.10079702106673,95.30708263292924,43.70537724353835,105.91659999999999,0.8795939614783966,154.08799999999997,0,255,255,255,105,180,148,0,211,255,0,127,138,43,226,180.0,330.0,282.085308056872,330.11764705882354,271.1475409836065
Neon,148.8,190.0,43.4,90.79735678972158,87.40709353364863,54.93851108284606,170.65636,0.9198469631755142,130.24579999999997,50,205,50,255,215,0,57,255,20,255,20,147,127,255,0,120.0,50.588235294117645,110.55319148936171,327.5744680851064,90.11764705882354
Neon,136.6,153.0,142.2,115.48263938791838,101.70742352453925,104.75762502080696,148.7336,0.9631372549019608,149.9252,173,255,47,0,250,154,255,69,0,255,0,255,0,191,255,83.65384615384615,156.96,16.235294117647054,300.0,195.05882352941174
Neon,165.2,78.2,188.6,84.19358645407618,50.66517541665083,63.581758390280456,104.66708000000001,0.8003782752038869,95.60600000000001,255,99,71,138,43,226,255,105,180,148,0,211,30,144,255,9.13043478260869,271.1475409836065,330.0,282.085308056872,209.6
Neon,159.0,136.6,76.4,117.957619508025,93.21931130404258,101.9501839135173,137.01579999999998,0.9764705882352942,144.59859999999998,255,0,127,0,255,0,255,215,0,30,144,255,255,69,0,330.11764705882354,120.0,50.588235294117645,209.6,16.235294117647054
Neon,143.0,125.8,140.8,102.91549931861576,110.56473217079667,86.57112682644255,130.53972,0.9129411764705881,154.08799999999997,148,0,211,255,20,147,57,255,20,0,255,255,255,99,71,282.085308056872,327.5744680851064,110.55319148936171,180.0,9.13043478260869
Dark Academia,107.6,99.8,92.4,43.58715407089571,37.091238857714096,31.0135454277643,100.924,0.11607189911537738,111.17819999999998,44,44,44,78,78,80,110,103,95,138,121,104,168,153,139,0.0,240.0,31.999999999999993,30.0,28.965517241379317
Dark Academia,122.2,117.6,120.4,53.82341497898475,50.16213711555759,47.78535340457367,118.78011999999998,0.08403276928463065,142.404,58,58,58,82,74,78,108,117,125,154,140,152,209,199,189,0.0,330.0,208.23529411764707,308.57142857142856,30.0
Dark Academia,124.4,118.4,113.4,71.53348866090623,67.73064299118974,62.573476809268,119.31459999999997,0.1091982750171518,192.337,30,30,36,71,71,71,114,106,97,179,163,148,228,222,215,240.0,0.0,31.764705882352963,29.032258064516103,32.3076923076923
Dark Academia,123.2,118.2,105.8,60.92749789709077,59.337677743572,60.19767437368324,118.36771999999999,0.1569860142093164,166.6338,43,43,40,79,75,58,113,105,83,168,159,145,213,209,203,60.0,48.57142857142857,44.0,36.5217391304348,35.999999999999964
Dark Academia,138.8,132.2,129.2,68.62186240550456,67.8156324161325,66.19486384909331,133.38656,0.0804553633593531,189.4934,41,39,36,90,83,83,139,127,127,191,184,177,233,228,223,36.000000000000014,0.0,0.0,30.0,30.00000000000009
Dark Academia,126.8,125.4,118.0,77.90866447321504,76.17506153591214,72.80384605225194,125.16336000000001,0.06956527068807636,206.62980000000005,28,28,26,59,59,55,123,123,116,185,183,167,239,234,226,60.0,60.0,60.0,53.33333333333336,36.92307692307689
Dark Academia,111.2,111.2,111.2,72.29495141432768,72.29495141432768,72.29495141432768,111.2,0.0,193.0,25,25,25,51,51,51,93,93,93,169,169,169,218,218,218,0.0,0.0,0.0,0.0,0.0
Dark Academia,129.2,125.6,122.4,68.35320036399175,67.46436096191826,66.57206621399098,126.13432,0.06086723220696857,185.5656,43,42,39,78,76,75,113,106,103,181,177,172,231,227,223,44.99999999999994,19.999999999999908,18.000000000000036,33.33333333333323,29.999999999999893
Dark Academia,126.4,120.8,117.0,59.681152803879385,57.47138418378315,54.343352859388425,121.7162,0.06841496031391502,161.698,49,47,47,82,78,77,117,111,108,168,160,153,216,208,200,0.0,12.000000000000105,20.00000000000003,28.000000000000007,30.0
Dark Academia,122.8,116.2,108.8,67.33617155734353,65.867746279951,63.91056250730391,117.06888,0.12613619472315124,188.27679999999998,39,36,34,72,68,62,112,103,95,161,150,136,230,224,217,23.99999999999998,36.0,28.235294117647065,33.60000000000002,32.3076923076923
Dark Academia,127.2,122.6,118.6,63.83228023500335,64.07058607504695,61.8275019712102,123.28916,0.07704782090623462,178.7794,46,43,42,80,73,71,116,111,107,168,164,158,226,222,215,15.000000000000053,13.333333333333293,26.66666666666668,36.00000000000007,38.181818181818244
Dark Academia,125.4,118.4,109.6,64.45959975054143,64.46270239448545,61.121518305748914,119.25283999999999,0.14266732765511356,181.8476,44,40,37,79,71,65,114,103,95,162,156,140,228,222,211,25.714285714285698,25.71428571428573,25.263157894736842,43.636363636363676,38.82352941176471
Dark Academia,113.4,109.6,105.8,61.775723387104094,61.134605584725904,60.476110986074495,110.13352,0.084244124619172,172.06820000000002,31,29,27,67,64,60,108,103,99,157,151,146,204,201,197,30.0,34.28571428571427,26.66666666666668,27.272727272727288,34.28571428571415
Dark Academia,125.2,120.8,114.8,63.59056533794931,63.47408920181526,59.92795674808212,121.30223999999998,0.08953814113559626,174.35019999999997,39,36,35,75,71,68,124,117,111,174,169,159,214,211,201,14.999999999999947,25.71428571428573,27.69230769230767,39.999999999999964,46.15384615384608
Dark Academia,125.0,117.2,114.4,68.23781942588728,66.31259307250772,64.41304215762518,118.65612000000002,0.09713111140697347,185.702,35,31,32,74,67,65,116,108,105,175,164,158,225,216,212,345.0,13.333333333333366,16.363636363636378,21.176470588235325,18.461538461538424
Dark Academia,128.2,123.2,119.8,62.89483285612579,61.972251855164984,61.4276810566702,124.01751999999999,0.07616016478707426,172.5656,42,40,38,83,78,75,122,115,111,177,171,166,217,212,209,30.0,22.500000000000025,21.818181818181813,27.272727272727202,22.500000000000135
Dark Academia,126.4,121.2,116.4,63.158847361236724,62.130185900253025,60.437074714118985,121.95896,0.08797235924744692,173.5616,41,39,37,80,75,71,121,113,109,172,167,159,218,212,206,30.0,26.66666666666668,20.0,36.92307692307689,30.000000000000068
Dark Academia,120.0,120.0,120.0,65.02922419958584,65.02922419958584,65.02922419958584,120.0,0.0,180.0,33,33,33,70,70,70,115,115,115,169,169,169,213,213,213,0.0,0.0,0.0,0.0,0.0
Dark Academia,119.4,119.4,119.4,72.67626847878199,72.67626847878199,72.67626847878199,119.4,0.0,195.0,30,30,30,61,61,61,102,102,102,179,179,179,225,225,225,0.0,0.0,0.0,0.0,0.0
Dark Academia,124.0,124.0,124.0,70.95632459478155,70.95632459478155,70.95632459478155,124.0,0.0,192.99999999999997,37,37,37,66,66,66,110,110,110,177,177,177,230,230,230,0.0,0.0,0.0,0.0,0.0
Dark Academia,111.8,111.8,111.8,76.98934991282884,76.98934991282884,76.98934991282884,111.8,0.0,200.0,25,25,25,51,51,51,79,79,79,179,179,179,225,225,225,0.0,0.0,0.0,0.0,0.0
Dark Academia,127.6,127.6,127.6,69.04085746860333,69.04085746860333,69.04085746860333,127.6,0.0,189.99999999999997,40,40,40,74,74,74,115,115,115,179,179,179,230,230,230,0.0,0.0,0.0,0.0,0.0
Dark Academia,126.2,126.2,126.2,69.470569308161,69.470569308161,69.470569308161,126.2,0.0,188.99999999999997,41,41,41,71,71,71,110,110,110,179,179,179,230,230,230,0.0,0.0,0.0,0.0,0.0
Dark Academia,127.4,127.4,127.4,69.7441036934306,69.7441036934306,69.7441036934306,127.4,0.0,194.99999999999997,35,35,35,78,78,78,115,115,115,179,179,179,230,230,230,0.0,0.0,0.0,0.0,0.0
Dark Academia,123.4,123.4,123.4,72.50268960528291,72.50268960528291,72.50268960528291,123.4,0.0,197.99999999999997,32,32,32,66,66,66,110,110,110,179,179,179,230,230,230,0.0,0.0,0.0,0.0,0.0
Dark Academia,129.2,129.2,129.2,67.41335179324642,67.41335179324642,67.41335179324642,129.2,0.0,185.99999999999997,44,44,44,78,78,78,115,115,115,179,179,179,230,230,230,0.0,0.0,0.0,0.0,0.0
Dark Academia,119.6,119.6,119.6,72.4309326185988,72.4309326185988,72.4309326185988,119.6,0.0,194.0,31,31,31,61,61,61,102,102,102,179,179,179,225,225,225,0.0,0.0,0.0,0.0,0.0
Dark Academia,126.0,126.0,126.0,70.68521769082982,70.68521769082982,70.68521769082982,126.0,0.0,193.99999999999997,36,36,36,70,70,70,115,115,115,179,179,179,230,230,230,0.0,0.0,0.0,0.0,0.0
Dark Academia,127.8,127.8,127.8,68.78778961414591,68.78778961414591,68.78778961414591,127.8,0.0,188.99999999999997,41,41,41,74,74,74,115,115,115,179,179,179,230,230,230,0.0,0.0,0.0,0.0,0.0
Dark Academia,125.4,125.4,125.4,71.0847381650942,71.0847381650942,71.0847381650942,125.4,0.0,192.99999999999997,37,37,37,66,66,66,115,115,115,179,179,179,230,230,230,0.0,0.0,0.0,0.0,0.0
Dark Academia,127.0,127.0,127.0,69.51546590507755,69.51546590507755,69.51546590507755,127.0,0.0,189.99999999999997,40,40,40,71,71,71,115,115,115,179,179,179,230,230,230,0.0,0.0,0.0,0.0,0.0
Dark Academia,130.0,130.0,130.0,66.50714247357196,66.50714247357196,66.50714247357196,130.0,0.0,182.99999999999997,47,47,47,79,79,79,115,115,115,179,179,179,230,230,230,0.0,0.0,0.0,0.0,0.0
Dark Academia,125.8,125.8,125.8,70.75422248883808,70.75422248883808,70.75422248883808,125.8,0.0,192.99999999999997,37,37,37,68,68,68,115,115,115,179,179,179,230,230,230,0.0,0.0,0.0,0.0,0.0
Dark Academia,127.4,127.4,127.4,69.01767889461365,69.01767889461365,69.01767889461365,127.4,0.0,187.99999999999997,42,42,42,71,71,71,115,115,115,179,179,179,230,230,230,0.0,0.0,0.0,0.0,0.0
Dark Academia,124.0,124.0,124.0,72.85876748888907,72.85876748888907,72.85876748888907,124.0,0.0,199.99999999999997,30,30,30,66,66,66,115,115,115,179,179,179,230,230,230,0.0,0.0,0.0,0.0,0.0
Dark Academia,127.4,127.4,127.4,69.3991354413007,69.3991354413007,69.3991354413007,127.4,0.0,191.99999999999997,38,38,38,75,75,75,115,115,115,179,179,179,230,230,230,0.0,0.0,0.0,0.0,0.0
Dark Academia,124.6,124.6,124.6,72.2844381592608,72.2844381592608,72.2844381592608,124.6,0.0,198.99999999999997,31,31,31,68,68,68,115,115,115,179,179,179,230,230,230,0.0,0.0,0.0,0.0,0.0
Dark Academia,127.4,127.4,127.4,69.1045584603505,69.1045584603505,69.1045584603505,127.4,0.0,188.99999999999997,41,41,41,72,72,72,115,115,115,179,179,179,230,230,230,0.0,0.0,0.0,0.0,0.0
Dark Academia,126.0,126.0,126.0,70.68521769082982,70.68521769082982,70.68521769082982,126.0,0.0,193.99999999999997,36,36,36,70,70,70,115,115,115,179,179,179,230,230,230,0.0,0.0,0.0,0.0,0.0
Dark Academia,127.4,127.4,127.4,69.3991354413007,69.3991354413007,69.3991354413007,127.4,0.0,191.99999999999997,38,38,38,75,75,75,115,115,115,179,179,179,230,230,230,0.0,0.0,0.0,0.0,0.0
Dark Academia,125.0,125.0,125.0,71.58491461194879,71.58491461194879,71.58491461194879,125.0,0.0,194.99999999999997,35,35,35,66,66,66,115,115,115,179,179,179,230,230,230,0.0,0.0,0.0,0.0,0.0
Dark Academia,124.6,124.6,124.6,72.2844381592608,72.2844381592608,72.2844381592608,124.6,0.0,198.99999999999997,31,31,31,68,68,68,115,115,115,179,179,179,230,230,230,0.0,0.0,0.0,0.0,0.0
Dark Academia,128.0,128.0,128.0,69.07387349787183,69.07387349787183,69.07387349787183,128.0,0.0,192.99999999999997,37,37,37,79,79,79,115,115,115,179,179,179,230,230,230,0.0,0.0,0.0,0.0,0.0
Dark Academia,139.4,121.8,108.6,58.99016867241524,61.79773458630988,61.607142443064184,124.58872,0.28097634596209076,168.513,61,43,31,90,71,54,140,117,106,184,164,155,222,214,197,24.0,28.333333333333336,19.41176470588233,18.62068965517246,40.8
Dark Academia,122.2,117.6,113.4,61.92059431239336,59.93863528643274,57.552063386120224,118.27472,0.07164708812199631,168.6298,42,40,39,75,72,70,114,110,106,165,158,151,215,208,201,19.999999999999957,23.999999999999936,30.0,30.0,30.0
Dark Academia,126.4,106.6,98.8,61.620126582148465,59.67445014409433,56.9013180866665,110.24632,0.25159927165540796,168.34099999999998,44,31,31,80,61,52,122,98,89,169,144,133,217,199,189,0.0,19.28571428571429,16.363636363636378,18.33333333333332,21.428571428571423
Dark Academia,119.0,115.2,109.8,64.12175917736506,63.16771327189231,60.93078039874428,115.61799999999998,0.08746409597201941,177.20459999999997,35,33,31,70,67,63,113,108,103,162,158,150,215,210,202,30.00000000000003,34.28571428571427,30.0,40.00000000000004,36.92307692307689
Dark Academia,137.0,121.8,109.8,58.20309270133332,57.50617358162513,54.7883199231369,124.16512,0.22505119710720298,162.42239999999998,59,48,41,92,79,68,135,114,102,177,157,142,222,211,196,23.33333333333332,27.500000000000007,21.81818181818182,25.71428571428573,34.61538461538457
Dark Academia,129.0,114.8,100.2,63.387695966961914,61.44721311825297,57.29362966334041,116.7648,0.2552996923586941,172.19659999999996,46,38,31,79,67,55,125,105,89,172,154,135,223,210,191,28.0,30.0,26.666666666666664,30.81081081081079,35.62499999999998
